name	pool	seq	length	%gc	tm (use 65)
ShaymaAlath_1_LEFT	ISKNV_1	AGTGTGCAGAGCATCCATGTTG	22	50	61.46
ShaymaAlath_1_RIGHT	ISKNV_1	ACAGTGGTTGTCCGTACCAGAA	22	50	61.54
ShaymaAlath_2_LEFT	ISKNV_2	AGCACATCACATATTGTAAAGGCCA	25	40	61.1
ShaymaAlath_2_RIGHT	ISKNV_2	CCATGGGTTCAACCAACTACGG	22	54.55	61.46
ShaymaAlath_3_LEFT	ISKNV_1	AAACTTTTGGGCCACCGTGTAG	22	50	61.59
ShaymaAlath_3_RIGHT	ISKNV_1	CGTCAAGCCCATGATACGCTAC	22	54.55	61.43
ShaymaAlath_4_LEFT	ISKNV_2	TACCGCTTTCACTGTGCAGGTA	22	50	61.92
ShaymaAlath_4_RIGHT	ISKNV_2	CCACACGTCACATAGTTCTGCC	22	54.55	61.5
ShaymaAlath_5_LEFT	ISKNV_1	GACACTGTGTTTATCTGTCGTGGA	24	45.83	60.79
ShaymaAlath_5_RIGHT	ISKNV_1	GGGTGGTGTTGCCCTAATCAAG	22	54.55	61.47
ShaymaAlath_6_LEFT	ISKNV_2	AGCTTGTCGATGTGCTGGTAAC	22	50	61.19
ShaymaAlath_6_RIGHT	ISKNV_2	CCCAACCTGTGCACCAAGTATC	22	54.55	61.46
ShaymaAlath_7_LEFT	ISKNV_1	ATGTCAACAGTCATAACGCCCG	22	50	61.25
ShaymaAlath_7_RIGHT	ISKNV_1	TTGTCAAACACCAACTTGGCCA	22	45.45	61.41
ShaymaAlath_8_LEFT	ISKNV_2	GTCGGATGCCACAGAGAAGTCT	22	54.55	62.04
ShaymaAlath_8_RIGHT	ISKNV_2	GAAACGCAGGTCACCCACTAAG	22	54.55	61.44
ShaymaAlath_9_LEFT	ISKNV_1	GGACATGTGCGCATCTAACGAC	22	54.55	62.17
ShaymaAlath_9_RIGHT	ISKNV_1	TGCAAGACACCAATCTCGATGC	22	50	61.51
ShaymaAlath_10_LEFT	ISKNV_2	CCGAGCATCATCATATCCAAGAACA	25	44	61.03
ShaymaAlath_10_RIGHT	ISKNV_2	GTTGCTGTATCCGAACACCTGG	22	54.55	61.51
ShaymaAlath_11_LEFT	ISKNV_1	GGTGATTGGCGTCACTGTATGG	22	54.55	61.57
ShaymaAlath_11_RIGHT	ISKNV_1	ATGTACCACCTCGCCATGTACA	22	50	61.48
ShaymaAlath_12_LEFT	ISKNV_2	AATTGACAACCAGACGACCACC	22	50	61.07
ShaymaAlath_12_RIGHT	ISKNV_2	TTTGCATTCTCTCTTGGGTGGC	22	50	61.4
ShaymaAlath_13_LEFT	ISKNV_1	CACCGTAGCAACCACTACAGTG	22	54.55	61.18
ShaymaAlath_13_RIGHT	ISKNV_1	TGTGTGTTATTAGAAATCTTCAGTCATTGT	30	30	60.06
ShaymaAlath_14_LEFT	ISKNV_2	AAACAAACTTCTTTGAACGCCGT	23	39.13	60.37
ShaymaAlath_14_RIGHT	ISKNV_2	TCGCCACCGACTATCTGTAGTG	22	54.55	61.58
ShaymaAlath_15_LEFT	ISKNV_1	GTTGCTGTATGGTAGCCACTGC	22	54.55	61.83
ShaymaAlath_15_RIGHT	ISKNV_1	TGTCGTGGTATCCCTTCAGCAT	22	50	61.48
ShaymaAlath_16_LEFT	ISKNV_2	ATCGCGGGCACTTTCCATTAAC	22	50	61.83
ShaymaAlath_16_RIGHT	ISKNV_2	GGATATCGGCCGGTTTGTGTTT	22	50	61.52
ShaymaAlath_17_LEFT	ISKNV_1	TCTGACGGCAACATAAATGGCC	22	50	61.52
ShaymaAlath_17_RIGHT	ISKNV_1	TTTCCATGCAAGGCGACATTGA	22	45.45	61.4
ShaymaAlath_18_LEFT	ISKNV_2	TCGTACAGGCACATCTTCCTCC	22	54.55	61.79
ShaymaAlath_18_RIGHT	ISKNV_2	TTGGTGATGGCATTGACAGAGC	22	50	61.46
ShaymaAlath_19_LEFT	ISKNV_1	GCAATCTGTTCAAGCAGTGGGT	22	50	61.65
ShaymaAlath_19_RIGHT	ISKNV_1	TTCCCCAATTTTTATGCCCCCG	22	50	61.48
ShaymaAlath_20_LEFT	ISKNV_2	AAAGCATCTGGTGGCCAACAAG	22	50	61.92
ShaymaAlath_20_RIGHT	ISKNV_2	CGTGTTTGTCATAGGCACCCTC	22	54.55	61.51
ShaymaAlath_21_LEFT	ISKNV_1	GCGCATTGTCACACAGCACATA	22	50	62.32
ShaymaAlath_21_RIGHT	ISKNV_1	TATCCTGTAGACAAGGACGCGG	22	54.55	61.58
ShaymaAlath_22_LEFT	ISKNV_2	ACGTGTCATGTCTATAAGCATGCG	24	45.83	61.55
ShaymaAlath_22_RIGHT	ISKNV_2	GCGCATAGCCACAGATACTGTC	22	54.55	61.43
ShaymaAlath_23_LEFT	ISKNV_1	GTACAATCAGCCGTGTGACAGC	22	54.55	62.06
ShaymaAlath_23_RIGHT	ISKNV_1	TGTCTATGTGCACGATGGGTCT	22	50	61.47
ShaymaAlath_24_LEFT	ISKNV_2	TTACACGTGGGTCTAGGGACAC	22	54.55	61.4
ShaymaAlath_24_RIGHT	ISKNV_2	TATTGCCAAAACCACGGACGAG	22	50	61.45
ShaymaAlath_25_LEFT	ISKNV_1	GACATTTGTGGTGCACGCAGAA	22	50	62.45
ShaymaAlath_25_RIGHT	ISKNV_1	CGTGCTATGTATACGCGCATGT	22	50	61.48
ShaymaAlath_26_LEFT	ISKNV_2	GTTCCAGAACAAGACACACGGT	22	50	61
ShaymaAlath_26_RIGHT	ISKNV_2	ACAACACCACTTGCTGTGTACG	22	50	61.57
ShaymaAlath_27_LEFT	ISKNV_1	CTGTTCTGGAGACGAGGCTACT	22	54.55	61.2
ShaymaAlath_27_RIGHT	ISKNV_1	GACGCTGACCTGAGTGCTATTG	22	54.55	61.3
ShaymaAlath_28_LEFT	ISKNV_2	AGGAACGGCATTTTAAATTGGGAAG	25	40	60.57
ShaymaAlath_28_RIGHT	ISKNV_2	CAGCTGCGCAACAATAGGTACA	22	50	61.5
ShaymaAlath_29_LEFT	ISKNV_1	CAACCTGGGCTGCTCACATATG	22	54.55	61.58
ShaymaAlath_29_RIGHT	ISKNV_1	ATGATGACAACTCTTGCGCTGG	22	50	61.51
ShaymaAlath_30_LEFT	ISKNV_2	CACTGTTGTTGTGCAGTAGTCAC	23	47.83	60.24
ShaymaAlath_30_RIGHT	ISKNV_2	CGATCGCTATTATGCACCCCAC	22	54.55	61.5
ShaymaAlath_31_LEFT	ISKNV_1	TACGCCTCCAGAACATCGTCAA	22	50	61.72
ShaymaAlath_31_RIGHT	ISKNV_1	CGGCAGGTTACATACACACCAC	22	54.55	61.5
ShaymaAlath_32_LEFT	ISKNV_2	ATCCTCAATGGGCAGCTTGGTA	22	50	61.77
ShaymaAlath_32_RIGHT	ISKNV_2	GCCGGTGGGATATTATGGCATG	22	54.55	61.52
ShaymaAlath_33_LEFT	ISKNV_1	CATTTGTCCATGTCCACGCACC	22	54.55	62.58
ShaymaAlath_33_RIGHT	ISKNV_1	TCAGGGTGCAAAGAAAGTGCTG	22	50	61.59
ShaymaAlath_34_LEFT	ISKNV_2	CATCCGGTGGCAATATGAGGTT	22	50	60.75
ShaymaAlath_34_RIGHT	ISKNV_2	ACATACGGCTTCAATCGCACTG	22	50	61.56
ShaymaAlath_35_LEFT	ISKNV_1	GTAGTCTGCCTTGTACATGCCG	22	54.55	61.31
ShaymaAlath_35_RIGHT	ISKNV_1	GTACAGGACAGCATTGGGAACG	22	54.55	61.51
ShaymaAlath_36_LEFT	ISKNV_2	CCAAGTTGGGTTATTGTAACCGTCA	25	44	61.49
ShaymaAlath_36_RIGHT	ISKNV_2	TGACGACAAGCTATTGGTGCAC	22	50	61.44
ShaymaAlath_37_LEFT	ISKNV_1	AACTGTTGTAGCTCGTTGCCTC	22	50	61.12
ShaymaAlath_37_RIGHT	ISKNV_1	CCATGCTTGTATCTCATCGGCC	22	54.55	61.45
ShaymaAlath_38_LEFT	ISKNV_2	AAGATGCTGTACTTTGTGGCGC	22	50	62.02
ShaymaAlath_38_RIGHT	ISKNV_2	ATGTGCAGCGACATCTCAATGG	22	50	61.58
ShaymaAlath_39_LEFT	ISKNV_1	CTGTCTGTATGTCACGAAGGGC	22	54.55	60.99
ShaymaAlath_39_RIGHT	ISKNV_1	TCCTGAAGTTCAAGCATTCGGC	22	50	61.45
ShaymaAlath_40_LEFT	ISKNV_2	CCAAAGTGGCGTGTGATGTCAT	22	50	61.71
ShaymaAlath_40_RIGHT	ISKNV_2	AGCTACCCAATGTCGTACGTCA	22	50	61.46
ShaymaAlath_41_LEFT	ISKNV_1	ACACGGCTTGACATACTGTTCG	22	50	61.18
ShaymaAlath_41_RIGHT	ISKNV_1	CCGATACCCCAAACATTACGGC	22	54.55	61.64
ShaymaAlath_42_LEFT	ISKNV_2	GGTATGGCAAGGTCACGTCATC	22	54.55	61.31
ShaymaAlath_42_RIGHT	ISKNV_2	TGGTGAAGAAGGGCCCTATGTT	22	50	61.37
ShaymaAlath_43_LEFT	ISKNV_1	CTTTACGCCCACATTCTCGGAG	22	54.55	61.31
ShaymaAlath_43_RIGHT	ISKNV_1	CGTATGCGTGTGTTCCAGACAA	22	50	61.43
ShaymaAlath_44_LEFT	ISKNV_2	CGAGACCATCACATTTGTCGGT	22	50	60.93
ShaymaAlath_44_RIGHT	ISKNV_2	TCGGTTCACCACGTTGAAATGG	22	50	61.64
ShaymaAlath_45_LEFT	ISKNV_1	AAATGCCCATATGCGCCGTTTC	22	50	62.72
ShaymaAlath_45_RIGHT	ISKNV_1	ACAATCTAGCTCCAGGTGCTGT	22	50	61.42
ShaymaAlath_46_LEFT	ISKNV_2	ATAGTGGGATCTGTGGCACCTG	22	54.55	61.82
ShaymaAlath_46_RIGHT	ISKNV_2	TCCTGGGAAAAGAGTGTCAGGG	22	54.55	61.62
ShaymaAlath_47_LEFT	ISKNV_1	CAGTACCCGCACATACTTGAGC	22	54.55	61.31
ShaymaAlath_47_RIGHT	ISKNV_1	GGCGGTCACATACAACCTTCAG	22	54.55	61.51
ShaymaAlath_48_LEFT	ISKNV_2	TCGTCAGAGTTGGGGTCGTTTA	22	50	61.34
ShaymaAlath_48_RIGHT	ISKNV_2	ATTATGCATTGTGCCGTGCTCA	22	45.45	61.52
ShaymaAlath_49_LEFT	ISKNV_1	GACAGCATATGCACCGATGTCG	22	54.55	61.98
ShaymaAlath_49_RIGHT	ISKNV_1	GAAACTACGTGACCAGACGCTG	22	54.55	61.48
ShaymaAlath_50_LEFT	ISKNV_2	GAGCTGTCTACATTGCGCACAA	22	50	61.75
ShaymaAlath_50_RIGHT	ISKNV_2	TTGAGCATGCGTATGTGGTGTC	22	50	61.5
ShaymaAlath_51_LEFT	ISKNV_1	AGCCGTTGGAGATCATTGTTCT	22	45.45	60.03
ShaymaAlath_51_RIGHT	ISKNV_1	GTTTCCTTCGGCCATCTCCTTG	22	54.55	61.52
ShaymaAlath_52_LEFT	ISKNV_2	TTCTTGTGTGAGGACCCCAAGA	22	50	61.23
ShaymaAlath_52_RIGHT	ISKNV_2	TTGGTCTCTGTGGTCATGGGTT	22	50	61.56
ShaymaAlath_53_LEFT	ISKNV_1	TGTGTGGTACAATAAACAGTACAAAATACA	30	30	60.2
ShaymaAlath_53_RIGHT	ISKNV_1	GTTCAAGGCGTACATGACAGCA	22	50	61.44
ShaymaAlath_54_LEFT	ISKNV_2	CATGACGTCAATTAGGTGGCCG	22	54.55	61.88
ShaymaAlath_54_RIGHT	ISKNV_2	ATGGTCGCATGCGTTACAAGAG	22	50	61.56
ShaymaAlath_55_LEFT	ISKNV_1	TGGCTGTTGTTGTATCATCAACTGT	25	40	61.21
ShaymaAlath_55_RIGHT	ISKNV_1	GTATGTCGGCATTGTCTGTGCA	22	50	61.5
ShaymaAlath_56_LEFT	ISKNV_2	GACACACGACACACCTGACAAC	22	54.55	61.86
ShaymaAlath_56_RIGHT	ISKNV_2	TGGGTAGTTGGTTCCCATTCGT	22	50	61.63
ShaymaAlath_57_LEFT	ISKNV_1	GGGCATGCTGTCCAACAACATA	22	50	61.47
ShaymaAlath_57_RIGHT	ISKNV_1	TGCCTGTACTCACGCCATATCA	22	50	61.54
ShaymaAlath_58_LEFT	ISKNV_2	GGGAGGGCTTAACGGAGATGTT	22	54.55	62.07
ShaymaAlath_58_RIGHT	ISKNV_2	GCCGACTGAGCCAATGTGATAG	22	54.55	61.37
ShaymaAlath_59_LEFT	ISKNV_1	GAGATTGGAGATGTACTGGCCG	22	54.55	60.55
ShaymaAlath_59_RIGHT	ISKNV_1	CCAGGAGAACACAAAGGATGGC	22	54.55	61.46
ShaymaAlath_60_LEFT	ISKNV_2	TTGCCTCGAGCTGGTTGACAAA	22	50	62.96
ShaymaAlath_60_RIGHT	ISKNV_2	CTCCATGGTGTCTGTTGATGCC	22	54.55	61.52
ShaymaAlath_61_LEFT	ISKNV_1	CATGCTGGTGTCGTAGCGTATG	22	54.55	61.67
ShaymaAlath_61_RIGHT	ISKNV_1	CGTGTGATAATGTCGGCGTCAA	22	50	61.55
ShaymaAlath_62_LEFT	ISKNV_2	GGACACAATGACACGACAGGTT	22	50	61.06
ShaymaAlath_62_RIGHT	ISKNV_2	GCTGTGATGACAAGAGACCTGC	22	54.55	61.5